name,num
i'm,139692
it's,95214
don't,75941
lol,68335
can't,43262
blog,35125
that's,33704
you're,31208
i'll,28647
i've,25855
didn't,19858
facebook,19679
google,18782
what's,17886
we're,17635
doesn't,13681
iphone,13451
he's,13288
let's,11813
youtube,11657
i'd,10942
there's,10812
obama,10745
website,10156
isn't,9893
haven't,9854
won't,9416
they're,8769
here's,8717
we'll,8674
lmao,8054
she's,7375
lil,7083
omg,6873
today's,6792
you'll,6681
cuz,6284
kinda,5921
wasn't,5879
los,5772
who's,5688
you've,5594
kanye,5494
thx,5460
yall,5333
nyc,5328
goin,4859
hahaha,4848
couldn't,4848
aren't,4695
nfl,4571
we've,4365
wouldn't,4307
retweet,4187
seo,4003
ain't,3966
nigga,3885
microsoft,3840
pls,3817
myspace,3813
gettin,3701
luv,3689
apps,3490
itunes,3463
tix,3439
sooo,3375
mixtape,3337
xbox,3310
ipod,3267
nite,3080
bday,3062
wtf,2959
's,2933
kno,2891
you'd,2798
dvd,2771
doin,2701
chillin,2635
uk,2617
alot,2556
smh,2524
tonight's,2523
ceo,2511
how's,2493
fav,2455
wordpress,2410
shouldn't,2354
watchin,2340
webinar,2316
y'all,2312
soo,2300
plz,2290
soooo,2288
mlm,2260
it'll,2252
week's,2228
lookin,2222
fuckin,2139
imma,2135
nba,2131
ebay,2127
outta,2121
blogging,2071
ryan,2063
oprah,2056
podcast,2052
blogs,2047
obama's,2036
spam,2023
palin,2016
linkedin,1979
aww,1972
'em,1968
idk,1935
xoxo,1926
women's,1926
cnn,1921
starbucks,1858
bc,1807
world's,1802
cyber,1767
homie,1755
'the,1753
verizon,1748
nc,1746
vid,1728
wii,1726
talkin,1722
fri,1716
btw,1712
tryna,1702
espn,1702
je,1678
atl,1660
favorited,1640
hasn't,1640
dnt,1595
where's,1579
philly,1576
ufc,1573
niggas,1568
they'll,1527
miley,1524
bbq,1520
rihanna,1519
awww,1492
droid,1480
beyonce,1480
ya'll,1479
lmfao,1473
he'll,1458
mj,1451
fave,1435
hella,1432
mtv,1429
gop,1423
men's,1420
rts,1404
weren't,1400
swayze,1389
usc,1362
comin,1357
yu,1353
night's,1351
xo,1344
indie,1342
tweeps,1336
hahahaha,1330
we'd,1327
websites,1324
blogger,1318
workin,1316
thanx,1316
cbs,1312
emails,1308
feelin,1308
photoshop,1307
gucci,1304
tryin,1303
nah,1301
tweetdeck,1278
sony,1273
children's,1253
america's,1250
tomorrow's,1243
year's,1227
gmail,1227
ty,1227
voor,1222
macbook,1220
mom's,1213
pittsburgh,1204
god's,1167
britney,1155
hahah,1151
sooooo,1147
bbc,1143
nbc,1139
they've,1113
qb,1105
walmart,1100
playin,1091
ahh,1089
etsy,1085
flickr,1075
mmm,1051
one's,1043
everytime,1040
tht,1034
people's,1032
mic,1031
hmmm,1029
und,1027
makin,1021
hmm,1014
barack,1013
rockin,1008
bloggers,1001
skype,999
firefox,998
wifi,988
freakin,980
ahhh,959
everyone's,954
jk,951
texting,943
url,928
ashley,928
ebook,922
como,917
lemme,906
phillies,906
thurs,900
frm,892
nothin,887
sayin,879
nyt,876
mayweather,871
penn,866
nokia,857
api,855
thinkin,854
google's,852
cali,839
jackson's,833
nascar,829
dems,817
fyi,815
niet,813
brady,812
man's,812
c'mon,805
djs,802
hilton,799
twitter's,795
woot,795
megan,793
prolly,792
fundraiser,791
fml,788
wassup,772
nintendo,772
netflix,767
lovin,761
hadn't,760
lebron,760
rss,760
mma,757
chelsea,754
twitpic,751
comcast,744
dubai,741
snl,737
tweetup,731
reuters,729
usb,726
é,723
favre,715
rohn,715
someone's,714
havin,714
shoutout,712
lopez,701
ohh,701
they'd,699
somethin,697
thnx,695
kobe,694
tues,682
motorola,682
yesterday's,676
hashtag,676
wsj,674
digg,673
dvr,673
ustream,670
nicole,668
would've,668
ncaa,667
nissan,665
she'll,663
he'd,661
life's,661
nw,654
webcast,653
esta,652
für,650
fda,648
bmw,647
aol,642
barnes,642
mega,641
gunna,640
iz,639
pero,638
paypal,636
unfollow,633
meetup,631
wht,630
killin,628
rt's,627
zune,624
it'd,623
samsung,610
ohhh,609
dats,609
diy,609
ook,607
sittin,604
ziglar,601
friend's,598
playlist,597
mariah,597
dobbs,597
'i,596
mornin,595
lsu,593
shoulda,592
ucla,592
'cause,592
should've,590
rockin',589
playstation,585
mcdonalds,585
npr,583
acai,582
mls,582
naar,573
gov't,569
aight,568
linux,564
pacquiao,564
retweeting,564
waldo,563
mlb,562
vw,562
whos,559
convo,559
finna,559
ou,555
signup,552
ppc,551
gb,548
tgif,547
skool,543
knicks,543
lauren,542
dms,542
rb,540
vids,540
apple's,539
dad's,539
craigslist,539
ummm,538
hangin,534
conan,533
goodmorning,532
awwww,529
cpa,529
latte,523
tweetie,522
sustainability,521
retweets,520
photoshoot,519
that'll,518
ths,517
ol',515
aan,514
waitin,513
smartphone,513
clickbank,512
css,511
'til,510
não,509
cds,509
inbox,509
eminem,506
soooooo,505
dvds,504
bij,501
bff,500
pattinson,496
lego,491
adwords,490
friday's,490
vmas,490
lil',489
html,488
xp,487
tebow,486
homepage,485
wel,484
listenin,482
marcus,482
celtics,478
nano,478
pdf,478
neva,478
mashable,478
ali,476
forbes,475
muy,471
boyz,471
nhl,470
thu,470
pra,470
knw,469
cotto,468
ecommerce,467
dna,465
hannah,465
gf,465
shyt,464
ftc,464
pitt,464
cameron,463
cudi,463
bieber,462
joe's,462
nxt,461
osu,460
bloomberg,460
sms,460
kardashian,459
grey's,459
stickam,458
improv,457
woulda,457
cavs,457
mms,456
hahahahaha,456
wknd,454
wikipedia,454
ftw,454
oooh,454
netbook,452
goldman,452
ahhhh,450
pelosi,450
plugin,449
veteran's,449
'bout,447
sunday's,447
veggie,447
heb,447
perez,446
gators,446
how'd,445
i'ma,445
niggaz,442
php,442
mais,439
mother's,437
squidoo,437
feb,437
urself,436
winfrey,436
timeline,435
rehab,435
phillips,435
dj's,433
eatin,433
snuggie,432
hittin,432
sanchez,431
bryant,431
odst,431
bruh,430
fran,430
hiv,430
tmrw,429
seesmic,429
lolz,429
father's,429
ein,428
emmys,428
makeover,427
htc,427
wuz,427
audi,426
gaga's,426
ip,425
atleast,424
boi,422
prejean,420
zu,420
gameday,419
uw,417
gettin',417
todo,416
n',415
uma,415
macy's,414
palin's,413
au,412
vma,412
fcc,411
mcdonald's,410
pga,407
huffpost,406
melrose,405
zijn,404
pbs,404
effing,403
cnet,402
chipotle,402
kanye's,402
hbo,402
tyson,401
freakin',401
hmmmm,401
meds,399
homies,397
murdoch,397
ikea,397
ebooks,396
woman's,396
child's,395
o',395
zhu,395
lautner,394
whatcha,394
ooo,393
byu,393
wwii,393
wie,393
bcuz,392
farmville,392
barbie,392
womens,391
thang,391
songz,389
kool,389
clemson,388
llc,388
msn,388
plugins,388
wil,388
son's,385
goin',385
kid's,384
webcam,381
rockstar,381
hahahah,379
hc,378
else's,378
cnt,377
cruz,377
nation's,377
lovin',376
wife's,374
heyy,374
girl's,374
greenville,373
nonprofits,372
raleigh,372
bcs,372
username,369
tru,369
monday's,367
nas,367
rofl,367
headin,367
kickin,367
brown's,367
phishing,366
este,364
tyra,364
iverson,363
gangsta,363
adsense,362
pdt,361
bluetooth,361
mijn,361
microsoft's,360
romo,360
ze,359
matthews,359
shakira,359
fha,358
laptops,358
wld,357
costco,357
blogged,357
dogg,357
mmmmm,356
could've,356
saturday's,355
hehehe,355
meyer,354
chillen,353
palo,352
shaq,351
'n,351
iphones,351
everyones,351
wallace,350
definately,349
sorta,348
wth,348
hiphop,348
colbert,347
wifey,346
mba,344
djing,343
crm,343
mccain,343
wwe,343
weezer,342
quinn,342
wilde,341
usd,341
emo,340
soulja,340
farmer's,339
that'd,338
city's,338
bak,338
paramore,337
omfg,337
lamar,337
hdtv,336
lolol,336
baucus,335
chicago's,334
o'clock,334
tmz,334
tivo,334
vma's,334
zoe,334
scottsdale,334
tshirt,332
prez,332
sharepoint,332
todos,332
nikki,332
lookin',331
cellphone,331
asu,331
tt,329
effin,329
lucas,329
nat'l,329
gosselin,328
socal,328
mnf,328
guy's,328
gomez,328
stevie,327
rico,327
wp,326
marquez,325
dmv,325
wana,324
ellis,323
keller,323
rv,322
dm's,322
nicki,320
mj's,320
msu,320
tumblr,320
dwts,320
drinkin,319
quickbooks,318
estoy,317
allison,317
puttin,316
cdc,316
cardio,316
nieuwe,315
podcasts,314
bama,314
mgmt,313
huffington,312
kids',312
nytimes,311
oktoberfest,311
huntington,311
vou,311
marley,311
businessweek,310
lmaoo,310
boyle,310
jp,310
callin,308
retweeted,308
jennifer's,307
cnbc,307
cus,307
msnbc,307
jfk,306
u'll,306
mucho,306
gamers,306
chanel,306
à,305
gots,305
blu,305
disney's,305
weekend's,304
doin',303
amd,303
buffett,302
bbm,301
jacobs,301
fsu,301
missin,301
tengo,301
fargo,301
seahawks,300
fuk,300
keri,300
shawty,300
when's,299
bball,299
lmaooo,298
rollin,297
fifa,297
bei,297
wrk,297
ahaha,297
duh,296
dawg,296
kimmel,296
yung,296
auch,296
'new,296
cn,296
month's,295
bucs,295
pdx,294
voicemail,294
yur,294
daughter's,294
ri,294
chk,293
teh,293
sxsw,292
jammin,291
imac,290
sumthin,290
cms,290
state's,290
obamacare,290
fedex,290
runnin,289
phx,289
reynolds,289
'how,288
assassin's,288
bookmarking,287
stupak,287
stl,287
sister's,287
aqui,286
uber,285
aj,285
wv,285
mvp,285
texted,285
o'reilly,284
checkin,284
greene,283
geeky,283
hott,282
friggin,282
followin,282
nuevo,281
bernanke,281
khloe,281
peterson,281
veggies,281
noch,279
wooo,279
bestie,279
heeft,279
azz,279
cma,278
baby's,278
btwn,278
metallica,277
federer,277
mgm,277
chillin',277
techcrunch,276
shaun,276
smokin,276
purdue,275
sobre,275
nh,275
johnston,275
norris,274
she'd,274
homebuyer,273
'a,273
jquery,273
jj,273
cheryl,273
livin,273
president's,272
juss,272
thoreau,272
fuckin',271
gavin,271
rihanna's,270
day's,270
dixon,270
cosby,270
thursday's,269
fremont,269
komen,269
brother's,269
ughh,269
jeezy,268
foodie,268
jeter,268
leona,268
ahora,267
shud,267
fx,266
springsteen,266
harley,266
spammers,265
pilates,265
shld,265
swift's,265
panera,264
wks,264
company's,264
malibu,264
ohhhh,263
webmaster,263
psp,262
trippin,262
avon,261
eps,261
kayne,260
dre,260
biden,260
int'l,260
cody,260
alzheimer's,260
zombieland,260
tcu,260
presale,259
nao,259
sql,258
hoffman,258
feelin',258
tila,258
javascript,258
oj,258
limbaugh,257
diggin,257
mixtapes,257
tweetin,256
xm,256
preciate,256
frankie,256
slideshow,256
nfc,255
brb,255
cmon,255
uno,254
gdi,254
jst,254
jennings,254
walkin,253
gran,253
adidas,253
wnt,253
andrews,253
más,253
choo,252
xoxoxo,252
desde,252
ronnie,252
person's,251
fallon,251
geen,251
vida,251
admob,251
ucf,251
richie,251
meh,250
afc,249
ubuntu,249
marriott,249
voip,249
mich,249
talkin',248
henderson,247
voy,247
toni,246
coulda,246
powell,245
magazine's,245
gente,244
asheville,244
abc's,244
cada,244
zum,244
faves,243
mccartney,243
ashton,243
xox,243
cuando,242
busch,242
iight,242
woah,242
sema,242
bootcamp,241
jb,241
feliz,241
katt,241
mavs,240
ks,239
irvine,239
it',239
weis,239
belichick,239
ventura,238
está,238
favs,238
leavin,237
victoria's,237
reo,237
techno,237
nasdaq,237
cnn's,236
china's,236
ughhh,236
posterous,236
hampton,236
filmmakers,236
xtra,236
tahoe,235
facebook's,235
eine,235
silverlight,235
outsourcing,235
owens,234
cincy,234
fulton,234
madd,233
keepin,233
thr,233
garcia,233
baylor,233
crawford,233
seein,233
detox,233
melanie,232
powerpoint,232
boy's,232
pb,232
wiki,232
orgs,232
lk,231
ortiz,231
tvs,231
afterparty,231
brighton,231
klein,230
ramen,230
everybody's,230
moon',230
roth,229
becuz,229
layin,229
cvs,229
gc,229
mentoring,227
awsome,227
crackin,227
jd,227
sachs,227
nola,227
ku,227
woods',226
robbie,226
writer's,226
buena,226
minaj,226
reverbnation,225
rumi,225
depp,225
tooo,224
eso,224
tds,224
dog's,223
sfo,222
vmware,222
aber,222
beckham,222
sayin',221
careerbuilder,221
jovi,221
yesss,221
needa,221
chu,221
cw,220
lpga,220
pstbuy,220
schwarzenegger,220
jermaine,220
bumpin,220
lgbt,220
edt,219
rhode,219
morning's,219
jv,219
u're,219
ooooh,219
airsoft,219
clarkson,219
oprah's,218
myers,218
timberlake,218
madoff,218
sam's,218
ceos,218
okc,218
nooo,217
wsop,216
ipo,216
mindset,216
moon's,216
yess,216
maui,216
cookin,215
michele,215
foxx,215
psa,215
sullivan,215
nur,214
sigel,214
itz,214
efusjon,213
pcs,213
sooooooo,213
heute,213
norton,213
john's,213
childrens,213
cio,212
jc,212
startin,212
hier,211
tweeple,211
taliban,211
teleseminar,211
lovato,211
tuesday's,211
godin,211
acl,211
bmx,210
brizzly,210
hopkins,210
choc,210
getty,210
garmin,210
spamming,210
grrr,210
doctor's,210
rica,210
gabba,210
polanski,209
dunn,209
michaels,208
gaat,208
thnk,208
ncis,208
uga,207
gw,207
movin,207
thier,207
gina,207
jetzt,207
gg,206
daniels,206
mejor,206
ihop,205
forrest,205
ringtone,205
ochocinco,205
hyatt,205
gma,205
tv's,205
tommorow,204
what'd,204
heisman,204
workin',204
mozilla,203
fannie,203
dunkin,203
family's,203
brotha,203
haz,203
goed,203
mcnabb,203
você,203
amc,203
meme,202
dlc,202
lombardi,202
porque,202
smartphones,202
alexa,201
askin,201
droppin,201
seinfeld,201
king's,201
hatin,201
suv,200
dwn,200
mashup,200
'this,200
emailing,200
hungover,200
pacman,200
rosh,200
foto,200
panasonic,200
googled,200
gonzalez,199
coldplay,199
spotify,199
kia,198
hootsuite,198
muni,198
stevens,198
boxee,198
monique,198
cat's,198
waz,198
tito,197
tj,197
ily,197
thas,197
sasha,197
sonoma,197
nerdy,197
nachos,196
gettn,196
gotcha,195
recieve,195
dork,195
edu,195
goodnite,195
pharma,194
ru,194
fedor,194
tks,194
kfc,194
camcorder,193
arkham,193
tmobile,193
i'mma,193
usda,193
emmy's,192
a's,192
sytycd,192
tokio,192
spongebob,192
cj,192
joomla,192
sux,192
ez,192
california's,192
toshiba,192
tiger's,191
artest,191
dh,191
dfw,191
d's,191
lambert's,191
faa,191
twitterers,191
pstbid,191
goood,190
peta,190
team's,190
aeemp,190
http,190
jax,190
kush,190
simpsons,190
stuttgart,190
cinco,189
beijing,189
lls,189
imo,189
pitbull,189
moto,189
basterds,189
malware,189
grandma's,189
ummmm,188
sippin,188
eww,188
ent,188
'you,188
rx,188
paintball,188
porsche,188
toolbar,188
'tis,187
orton,187
g'night,187
f'n,187
woop,187
prada,186
asus,186
cd's,186
aerosmith,186
amazon's,186
ahhhhh,186
saas,186
drivin,186
westwood,185
quiero,185
willis,185
awwwww,185
youll,185
exclusives,185
unlv,185
georgetown,184
rting,184
aig,184
lik,184
lala,184
hendrix,184
poo,184
whn,183
margaritas,183
nuff,183
lakewood,183
jimmie,183
stayin,182
swayze's,182
lieberman,182
nobody's,182
hve,182
douchebag,182
diaz,182
elton,182
minha,182
mysql,182
wuts,182
bling,182
lennon,182
everything's,182
sundance,181
tiene,181
'what,181
comin',181
tlc,181
snowboard,181
bentley,181
geithner,181
ferrari,181
husband's,181
fla,181
mai,181
multiplayer,180
iam,180
phish,179
regis,179
cybercoders,179
webinars,179
lololol,179
smith's,179
garrett,179
wieder,179
realtime,178
newbie,178
watchn,178
nin,178
carb,178
vandaag,178
wendy's,178
eb,178
beyonce's,178
gamestop,178
sba,178
school's,177
sarasota,177
dumbass,177
newswire,177
slc,177
davidson,177
oo,177
muito,176
rodgers,176
'n',176
show's,176
morrison,176
guestlist,176
hubbard,176
nuthin,176
showin,176
deets,176
moines,175
carly,175
lexus,175
radiohead,174
coors,174
u've,173
raida,173
classifieds,173
pixar,173
veel,173
telecom,172
bennett,171
fergie,171
gota,171
fucken,171
xl,171
governor's,171
sdsu,171
rockefeller,170
enuff,170
neighbor's,170
gibbs,170
adam's,169
showtime,169
yooo,169
noooo,169
sosa,169
pbr,169
mtv's,169
probs,169
daly,169
who'd,169
hutchinson,168
walgreens,168
gitmo,168
mccarthy,168
t's,168
shouldve,168
somethings,168
citi,168
phils,168
uhh,168
stfu,168
gq,167
socialnomics,167
rockband,167
gdp,167
c's,167
superbowl,167
carlsbad,166
mundo,166
hahahahahaha,166
devin,166
ama's,166
phd,166
sheriff's,165
patterson,165
branson,165
pubcon,165
afp,165
hannity,165
tupac,165
muppets,164
mraz,164
jedward,164
eens,164
sry,164
coleman,164
driver's,164
hanson,163
heyyy,163
dubstep,163
chula,163
directv,163
naperville,163
where'd,163
manson,163
sophie,163
kmart,163
som,163
yeahh,163
hacer,162
lj,162
santana,162
mandy,162
huckabee,162
nbc's,162
jij,162
krispy,162
zynga,162
me',161
wearin,161
woooo,161
pj,161
timbaland,161
daddy's,161
uss,161
hangin',161
somebody's,161
nph,161
imax,161
thts,160
fiona,160
ocho,160
matchup,160
skincare,160
liam,160
lifes,160
jack's,160
em',160
tylenol,160
grt,160
watchin',160
psu,160
patton,160
haley,160
nunca,159
uf,159
atv,159
nic,159
must've,159
kellan,159
who've,159
camaro,159
mmmmmm,159
thom,159
livestrong,159
grindin,158
wkend,158
tranny,158
bj,158
jlo,158
eid,158
icarly,158
vacatures,158
triathlon,158
è,158
shoppin,158
rolex,158
subaru,158
singin,158
chavez,157
jedi,157
jolie,157
season's,157
hilson,157
nyu,157
cancun,157
ma'am,157
'we,156
salesforce,156
girls',156
lutz,156
daytona,156
virtualization,156
jamz,156
lotsa,156
muchas,156
nvr,156
kk,156
dns,156
sez,155
hai,155
you',155
basel,155
cfo,155
rivera,155
smackdown,155
crowdsourcing,155
maury,155
c'est,154
gaan,154
café,154
donde,154
homeboy,154
yessss,154
kendall,154
ahah,154
webhosting,153
hansen,153
twestival,153
thur,153
latina,153
wouldve,153
postgame,153
meredith,153
ahahaha,153
talkn,153
jayz,152
comming,152
gainesville,152
onsale,152
makin',152
dus,152
lincecum,152
primetime,151
mañana,151
mary's,151
mackenzie,151
michael's,151
raekwon,151
ttyl,151
algo,150
trynna,150
prt,150
csu,150
havnt,150
phelps,150
schmidt,150
weezy,150
ovr,150
tac,150
zappos,150
o'brien,150
über,150
npr's,150
barkley,150
yessir,149
loooove,149
anotha,149
internets,149
cctv,149
iu,149
nothin',149
tzu,149
luvs,149
mii,149
halle,149
gta,149
wednesday's,149
devil's,148
foxnews,148
mx,148
waaay,148
woodstock,148
sheesh,148
rapidshare,148
etf,148
marin,148
jacksons,148
ight,148
homegirl,148
rachael,148
snowboarding,148
'my,148
abdul,148
sleepin,148
seuss,147
noone,147
hashtags,147
mayor's,147
tsa,147
lot's,147
time's,147
pokemon,147
royce,146
seu,146
nem,146
q's,146
mij,146
kawasaki,146
ferrell,146
cousin's,146
jenkins,146
hace,146
plano,145
'no,145
espn's,145
lmaoooo,145
redbull,145
bangin,145
wilson's,145
dancin,145
looove,145
aniston,145
jajaja,145
angelou,145
thks,145
followfriday,145
mayb,145
shelby,145
mizzou,144
farrah,144
la's,144
soooooooo,144
geaux,144
yoo,144
anyone's,144
petco,144
spyware,144
strikeforce,144
hebben,144
yamaha,143
ari,143
alll,143
mornin',143
odom,143
schon,143
chopra,143
aarp,143
niners,143
gooood,142
gnr,142
newsom,142
nz,142
ringtones,142
fue,142
client's,142
stargate,142
delish,142
mammograms,142
semana,142
afi,142
twitterverse,142
tisdale,142
fye,142
seattle's,142
qvc,142
roadtrip,142
warhol,142
foi,141
karzai,141
parents',141
ppv,141
o's,141
ipa,141
laughin,141
stephenie,141
travers,141
uconn,141
soundcheck,141
clooney,140
crabtree,140
wayne's,140
giv,140
tomtom,140
hahaa,140
usps,140
bouta,140
usf,140
doritos,140
degeneres,140
walton,139
steph,139
promos,139
florida's,139
york's,139
freelancers,139
ewww,139
toooo,139
cdt,138
jordin,138
daycare,138
reiki,138
rey,138
ang,138
twitterberry,138
mcdonnell,138
mama's,138
ericsson,137
darth,137
nes,137
diggin',137
beck's,137
dmx,137
looong,137
newman,137
jaja,137
waddup,137
kickin',137
tlk,137
enuf,137
gah,136
cliq,136
rfid,136
só,136
iran's,136
ev,136
sesh,136
nyquil,136
westchester,136
klum,136
ke,136
goooo,136
moma,136
ppls,136
wanda,136
frickin,136
matsui,135
bmore,135
gameplay,135
youu,135
gon',135
jamba,135
rt'd,135
mumbai,135
fdic,135
urls,135
barrymore,135
eastside,135
vuelos,134
lee's,134
lookn,134
dass,134
venturebeat,134
alyssa,134
hh,134
deff,134
santa's,134
qué,134
ubertwitter,134
hov,134
denny's,134
mensen,134
shepard,134
astros,134
yal,133
blackhawks,133
wordt,133
broward,133
buen,133
screenshots,133
rican,133
media's,133
rosie,133
akon,133
friggin',133
autotune,133
cookin',133
wilshire,133
fabolous,132
westside,132
jimi,132
mike's,132
gnite,132
matt's,132
wal,132
agassi,132
fotos,132
boosie,132
muppet,132
gizmodo,132
twitpics,132
jetblue,132
potro,132
srsly,132
outsource,132
muah,132
vemma,132
moore's,132
ciara,131
ayn,131
citycenter,131
svu,131
otha,131
o'neal,131
smu,131
pple,131
dropbox,131
tom's,131
hayden,131
allstar,131
suprise,131
ghostface,131
fitzgerald,131
paul's,131
schwartz,131
ponzi,131
bestest,131
sun's,131
vero,131
saludos,131
ua,131
saks,130
daar,130
mri,130
prive,130
steampunk,130
googling,130
sj,130
wayyy,130
iss,130
groundbreaking,130
mutha,130
terrell,130
forza,130
ele,130
msgs,130
newbies,130
backlinks,130
daley,130
msft,130
starz,129
rpg,129
bev,129
oreo,129
cta,129
geolocation,129
wvu,129
lexington,129
signage,129
parent's,129
inglourious,129
slideshare,129
fibromyalgia,129
mateo,128
mehr,128
jerry's,128
uhhh,128
twitterville,128
vez,128
watz,128
día,128
pjs,128
nature's,128
grrrr,128
ridin,127
gerade,127
ltd,127
verizon's,127
einen,127
gotti,127
homebuyers,127
booo,127
payne,127
sidewiki,127
probly,127
yoko,127
kijk,126
diz,126
volvo,126
ooooo,126
loooong,126
rutgers,126
nadal,126
osbourne,126
something's,126
whatchu,126
har,126
denise,126
dior,126
gk,126
oks,126
derren,126
nlp,126
twitt,126
other's,126
groupon,126
noche,126
'i'm,126
nueva,125
flippin,125
tommorrow,125
webpage,125
tryn,125
holdin,125
hellz,125
sedona,125
webb,125
dann,124
'in,124
ahmadinejad,124
houston's,124
richards,124
deepak,124
outa,124
shoutouts,124
nhra,124
kroger,124
nino,124
waaaay,124
fenway,124
vm,124
adhd,124
vcs,124
ipods,124
westbrook,124
f'ing,124
mlk,124
plr,123
benz,123
paterson,123
dave's,123
uo,123
dawgs,123
uv,123
everythings,123
fema,123
body's,123
braun,123
hermosa,123
corzine,123
já,123
amped,122
lapd,122
netbooks,122
jolla,122
playin',122
bpa,122
olsen,122
meatloaf,122
rae,122
thn,122
permanente,122
kickass,122
bill's,122
nyc's,122
estar,122
reppin,122
jailbroken,122
yoli,122
artfire,122
spartanburg,121
wec,121
psn,121
syfy,121
denny,121
screenshot,121
tus,121
pw,121
creo,121
walken,121
preston,121
gibran,121
echofon,121
oder,121
scooby,121
collider,121
lastnight,121
yayyy,121
byrd,120
komt,120
irl,120
sheldon,120
deze,120
jillian,120
avec,120
gartner,120
macarthur,120
qa,120
hell's,120
gonow,120
u'd,120
dma,120
neue,120
preso,120
myles,119
ina,119
grayson,119
wilmington,119
creeped,119
siempre,119
muh,119
rhianna,119
hmmmmm,119
rr,119
howie,119
jamal,119
cpr,119
whatup,119
nutella,118
ames,118
bck,118
lhc,118
nolan,118
childs,118
mke,118
alles,118
gilmore,118
perkins,118
kennedy's,118
huntsville,118
do's,118
atlanta's,118
cmo,118
taylor's,117
